{
  "project_info": {
    "project_number": "150183192",
    "firebase_url": "https://travelmantics-d4a2e.firebaseio.com",
    "project_id": "travelmantics-d4a2e",
    "storage_bucket": "travelmantics-d4a2e.appspot.com"
  },
  "client": [
    {
      "client_info": {
        "mobilesdk_app_id": "1:150183192:android:1bccffa5a2af505e",
        "android_client_info": {
          "package_name": "com.novatech.travelmantics"
        }
      },
      "oauth_client": [
        {
          "client_id": "150183192-2ku8fb8k8e35r7hgsnr1b3tskcuaj4ch.apps.googleusercontent.com",
          "client_type": 1,
          "android_info": {
            "package_name": "com.novatech.travelmantics",
            "certificate_hash": "6ad5356a7268163dcbb57960ae6eaa99a6aaa80b"
          }
        },
        {
          "client_id": "150183192-2j3el96s0glafcplobfieans5us225vt.apps.googleusercontent.com",
          "client_type": 3
        }
      ],
      "api_key": [
        {
          "current_key": "AIzaSyDLpKcau9laGR7w8u0FlPVBZR8hxejs5Xk"
        }
      ],
      "services": {
        "appinvite_service": {
          "other_platform_oauth_client": [
            {
              "client_id": "150183192-2j3el96s0glafcplobfieans5us225vt.apps.googleusercontent.com",
              "client_type": 3
            }
          ]
        }
      }
    }
  ],
  "configuration_version": "1"
}